skill_name,description,prioritized,sub_sector,job_family
3D modelling,Generate 3D models using a variety of modelling software to represent characteristics of a real-world system,Yes,"Communications,Information technology","Data and AI,Design and Animation,Quality,R&D and product development,Software"
Access rights for computing system management,Conducting assessment and reconciliation of access rights at the computing systems for users and resources.,No,"Communications,Information technology","Data and AI,Data Protection and Cybersecurity"
Agile and DevOps methodology application,"Evaluate and determine required traditional and non-traditional systems development methodologies for use by a team and to lead the rapid application development (RAD) process by analysing and adopting agile methods. It also includes skills required to build and deploy cloud-based applications using continuous integration (CI) and continuous delivery (CD) pipelines in a range of contexts. It includes using each stage of the CI/CD automation process to build, test and merge applications, specifically in cloud-based environments.",Yes,"Communications,Information technology","Data and AI,Infrastructure,Quality,Software"
AI ethics and governance,AI Ethics and Governance involves developing and implementing frameworks to ensure responsible and accountable use of artificial intelligence technologies.,Yes,"Communications,Information technology","Data and AI,Quality,R&D and product development"
AI programs prediction analysis,"Utilizing mathematical principles such as statistics, calculus, linear algebra, and numerical analysis to predict AI program performance",No,"Communications,Information technology",Data and AI
AI project management,Leading and coordinating AI initiatives from conception to implementation for successful digital outcomes,No,"Communications,Information technology",Data and AI
Analytics data marts development,Proficiency in crafting diverse reporting and analytics data marts to drive data-driven insights,No,"Communications,Information technology",Data and AI
Artificial intelligence application in product development,Utilizing AI algorithms and techniques to enhance and streamline the process of creating and improving digital products and services.,Yes,"Communications,Information technology","Data and AI,R&D and product development,Software"
"Artificial intelligence, machine learning and deep learning application","To identify opportunities where artificial intelligence (AI), machine learning (ML) and deep learning (DL) can be applied to support the automation of work tasks and improve organisational productivity and use machine learning (ML) principles and techniques to support the automation of procedural tasks and improve organisational productivity and evaluate these ML models",Yes,"Communications,Information technology","Data and AI,Software"
Backend design,Developing reliable and secure back-end APIs and services for any software product/ solution,No,"Communications,Information technology","Data and AI,Data Protection and Cybersecurity,Software"
Big data ecosystem management,"Overseeing the orchestration and optimization of data storage, processing, and analytics technologies in large-scale data environments",No,"Communications,Information technology",Data and AI
Blockchain community and ecosystem design,"Structuring and fostering communities, platforms, and networks in the blockchain space to drive innovation and collaboration",No,"Communications,Information technology",Data and AI
Blockchain management,"To identify, develop and maintain blockchain solutions to specified business needs.",No,"Communications,Information technology","Data and AI,Software"
Budgeting,"Preparing organisational budgets to support short- and long-term business plans through forecasting, allocation and financial policy setting.",No,"Communications,Information technology","Data and AI,Data Protection and Cybersecurity,Design and Animation,Infrastructure,Operations,Partnerships,Pre-sales,Project management,Quality,R&D and product development,Sales and Marketing,Software,Business processes"
Business agility,"Organise the business, work activities and people in ways that enable the organisation to readily adapt to changes in its internal or external environment, whilst achieving desired outcomes and delivering value to customers",Yes,"Communications,Information technology","Data and AI,Data Protection and Cybersecurity,Hardware,Infrastructure,Pre-sales,Project management,Quality,R&D and product development,Software,Telecom engineering,Business processes"
Business continuity,"Develop internal infrastructure to ensure organisational resilience and maintenance of the availability, stability and integrity of critical systems, processes and stakeholders that support and drive key aspects of the business. This includes the planning, designing and testing contingency plans and setting up of internal systems and structures which are ready to respond to potential threats and maintain desired levels of continuity.",No,"Communications,Information technology","Data and AI,Data Protection and Cybersecurity,Governance, risk and compliance,Infrastructure,Operations,Pre-sales,Project management,R&D and product development,Software,Business processes"
Business innovation,Identify and evaluate digitisation and innovative business opportunities provided by new advancements in information and communication technology to establish new services or businesses to bridge the physical and digital worlds,Yes,"Communications,Information technology","Data and AI,Design and Animation,Hardware,Infrastructure,Pre-sales,Project management,R&D and product development,Sales and Marketing,Software,Telecom engineering,Business processes"
Business model software requirement specification,Defining software requirements that align with and support the organization's business model and objectives.,No,"Communications,Information technology",Data and AI
Business needs analysis,"Identify and scope business requirements and priorities through rigorous information gathering and analysis as well as clarification of the solutions, initiatives and programmes to enable effective delivery. This also involves the development of a compelling and defensible business case and the articulation of the potential impact of the solution to the business",Yes,"Communications,Information technology","Data and AI,Data Protection and Cybersecurity,Design and Animation,Governance, risk and compliance,Hardware,Infrastructure,Operations,Pre-sales,Project management,Quality,R&D and product development,Sales and Marketing,Software,Telecom engineering,Business processes"
Business performance management,"Implement organisational performance systems to meet business plans and objectives by establishing performance indicators, tracking progress and addressing gaps",No,"Communications,Information technology","Data and AI,Data Protection and Cybersecurity,Design and Animation,Hardware,Infrastructure,Operations,Pre-sales,Project management,R&D and product development,Sales and Marketing,Software,Telecom engineering,Business processes"
Business requirements mapping,Map business requirements to existing processes to identify gaps or opportunities for possible solutions and evaluate impact of solutions against requirements to propose adjustments as needed,Yes,"Communications,Information technology","Data and AI,Design and Animation,Hardware,Infrastructure,Pre-sales,Project management,Quality,R&D and product development,Software,Telecom engineering,Business processes"
Business risk management,"Forecast and assess existing and potential IT risks which impact the operation and/or profitability to the business as well as the development and roll out company-wide strategies and processes to mitigate risks, minimise their impact or effectively manage such business risks",No,"Communications,Information technology","Data and AI,Data Protection and Cybersecurity,Hardware,Infrastructure,Operations,Partnerships,Pre-sales,Project management,R&D and product development,Software,Telecom engineering,Business processes"
Business systems,"Implement, integrate, and manage IT systems that support and optimize business processes, ensuring efficient operations and strategic decision-making",No,Information Technology,Data and AI
Change management,"Plan and systematic execution of processes to facilitate the transition of individuals, teams and organisations to a desired end state in a manner that is seamless, sustainable and aligned with business objectives. This includes the redirection of resources, business processes, finances and operating models, as well as stakeholder engagement to facilitate implementation and maximise adoption.",No,"Communications,Information technology","Consultation,Data and AI,Data Protection and Cybersecurity,Design and Animation,Hardware,Infrastructure,Operations,Pre-sales,Project management,R&D and product development,Sales and Marketing,Software,Telecom engineering"
Cloud architecture,"Design, deploy, and manage cloud-based applications and services across diverse platforms and devices to optimize resource utilization and enhance scalability (incl. virtualization and orchestration)",No,Communications,"Data and AI,Infrastructure,Telecom engineering"
Cloud computing,Implement cloud solutions to enhance business performance and security of IT systems,Yes,"Communications,Information technology","Data and AI,Infrastructure,R&D and product development,Software,Telecom engineering,Operations"
Cloud solutions design and implementation,Designing and maintaining cloud architecture that are secure and address business requirements. It also includes evaluating project plans for implementing cloud solutions and the costs and resources associated with them.,Yes,"Communications,Information technology","Data and AI,Infrastructure,Operations,Software"
Coding application,Implementing robust coding practices to enhance digital security and mitigate vulnerabilities,No,"Communications,Information technology","Data and AI,Data Protection and Cybersecurity,Software"
Communication systems and protocols design,"Familiarize with communication protocols (e.g., DPD, CFR, DUC, DDC). Utilize AI algorithms for the analysis and management of the RAN",Yes,"Communications,Information Technology","Data and AI,Infrastructure,Telecom engineering"
Computational modelling,"Develop, select and apply algorithms and advanced computational methods to enable systems or software agents to learn, improve, adapt and produce desired outcomes or tasks",No,"Communications,Information technology","Data and AI,Data protection and cybersecurity,Infrastructure,R&D and product development,Software,Telecom engineering"
Computer vision technology,Computer vision technology is a field of artificial intelligence that trains computers to interpret and understand the visual world. It captures and analyzes visual information using a combination of camera hardware and AI software. ,Yes,"Communications,Information technology",Data and AI
Configuration tracking,"Track systematically and manage changes and revisions in software projects to ensure that all changes are accounted for and to protect assets against unauthorized change, diversion and inappropriate use",No,"Communications,Information technology","Data and AI,Infrastructure,Operations,Quality,R&D and product development,Software"
Control system programming,"Develop capabilities in areas of communications and remote operations by programming logic circuits and erasable programmable read-only memory for ships, rigs and/or conversions",No,"Communications,Information technology","Data and AI,Software"
Cryptography and encryption,"Create and implement cryptographic algorithms, secure encryption protocols, and authentication techniques to protect data on distributed public ledger systems",No,"Communications,Information technology","Data and AI,Data protection and cybersecurity,Governance, risk and compliance,Infrastructure,Operations,Sales and marketing,Software"
Customer data analysis,Devise frameworks for customer data analysis to develop an understanding of customer knowledge and behaviour from various customer touchpoints.,No,"Communications,Information technology","Business processes,Data and AI,Operations,Pre-sales,R&D and product development,Sales and marketing"
Customer experience management,"Develop and implement a cohesive end-to-end customer journey and experience to engage a population of customers with changing profiles, demands and buying patterns",No,"Communications,Information technology","Business processes,Consultation,Data and AI,Data Protection and Cybersecurity,Design and Animation,Governance, risk and compliance,Hardware,Infrastructure,Operations,Partnerships,Pre-sales,Project management,Quality,Sales and Marketing,Software,Telecom Engineering"
Cybersecurity of emerging tech,Refers to the safety measures and protections developed for new and evolving technologies,Yes,"Communications,Information technology","Data and AI,Data Protection and Cybersecurity,Governance, risk and compliance,Infrastructure,Quality,R&D and product development,Software,Telecom engineering"
Data analytics,"Implementing data analytics within the organization to generate business insights and intelligence through the use of statistical and computational techniques and tools, algorithms, predictive data modelling and data visualization",Yes,"Communications,Information technology","Data and AI,Data Protection and Cybersecurity,Design and Animation,Infrastructure,Pre-sales,Project management,Quality,R&D and product development,Sales and Marketing,Software"
Data architecture,Designing and managing data structures and storage systems for optimal data flow and usage,No,Information technology,Data and AI
Data cleaning,"To clean and verify data obtained from a variety of sources. It involves the use of analytics and review to ensure data quality for an organisation is according to industry practices and organisational policies, procedures and protocols.",Yes,"Communications,Information technology","Data and AI,Software"
Data collection and analysis,"To gather, analyse, test and verify data from different source inputs.",Yes,"Communications,Information technology","Data and AI,Data Protection and Cybersecurity,Software"
Data design,"Specify and create a data structure or database model, including the setting of various parameters or fields that can be modified to suit different structured or unstructured data requirements, the design of data flow, as well as the development of mechanisms for maintenance, storage and retrieval of data based on the business requirements",Yes,"Communications,Information technology","Data and AI,Infrastructure,R&D and product development,Software,Telecom engineering"
Data engineering,"Develop and implement efficient and stable processes to collect, store, extract, transform, load and integrate data at various stages in the data pipeline. This also involves processing varying amounts of data from a variety of sources and preparing data in a structure that is easily access and analysed according to business requirements",Yes,"Communications,Information technology","Data and AI,Operations,Pre-sales,R&D and product development,Software"
Data entry services,"Performing data entry work using a personal computer and appropriate software, entering, updating, researching, verifying and/or retrieving data into/from various systems, and ensuring the accuracy and confidentiality of information recorded",No,"Communications,Information technology","Data and AI,Sales and Marketing"
Data ethics,"Apply legal and ethical principles in the collection, use, storage and disposal of data",Yes,"Communications,Information technology","Data and AI,Data Protection and Cybersecurity,Quality,R&D and product development,Software"
Data governance,"Develop and implement guidelines, laws, and regulations across the organisation for the handling of data at various stages in its lifecycle as well as the provision of advice on proper data handling and resolution of data breaches in a range of complex, ambiguous or multi-faceted contexts",Yes,"Communications,Information technology","Data and AI,Data Protection and Cybersecurity,Governance, risk and compliance,Quality,R&D and product development"
Data management,"Developing and implementing plans, policies, and practices that control, protect and optimise the value of data assets.",Yes,"Communications,Information technology","Consultation,Data and AI,Data Protection and Cybersecurity,Design and Animation,Hardware,Infrastructure,Operations,Pre-sales,Project management,Quality,R&D and product development,Sales and Marketing,Software"
Data migration,Plan and perform activities to migrate data between computer storage types or file formats,No,"Communications,Information technology","Data and AI,Operations"
Data normalisation,"Proficient in CRUD operations, data normalization, and database schema management for effective data handling in the digital sector.",No,"Communications,Information technology",Data and AI
Data preparation,"Collect and clean data as well as data extraction, transformation, and loading (ETL) and creating comprehensive data warehouses for analytical purposes",Yes,"Communications,Information technology","Data and AI,R&D and product development"
Data processing,"Proficient in utilizing a variety of analytic tools, databases, and techniques to extract valuable insights and enhance decision-making",Yes,Information technology,"Data and AI,Data Protection and Cybersecurity,Software"
Data science principles,Applying data science principles to engineering and using various programming languages to develop software solutions that meet project requirements,No,"Communications,Information technology",Data and AI
Data strategy,"Develop a robust and coherent data strategy and support architectures, policies, practices and procedures that enable the organisation to manage and utilise data in an effective manner. This includes introduction of innovative ways of organising, managing and integrating the data of the organisation to ensure their viability and ability to drive business value. It also includes the setting of information storage, sharing, handling and usage protocols to support alignment with relevant legislation and business strategies",No,"Communications,Information technology","Data and AI,Project management,R&D and product development"
Data transformation into machine-readable formats,Proficiency in transforming data into machine-readable formats for enhanced processing and utilization,No,"Communications,Information technology",Data and AI
Data visualisation and storyboarding,"Implement contemporary techniques, dynamic visual displays with illustrative and interactive graphics to present patterns, trends, analytical insights from data or new concepts in a strategic manner for the intended audience",Yes,"Communications,Information technology","Data and AI,Data Protection and Cybersecurity,Hardware,Operations,Pre-sales,Project management,R&D and product development,Software,Telecom engineering"
Data warehousing,"Installing, configuring, monitoring, maintaining and improving the performance of databases and data stores.",Yes,"Communications,Information technology","Data and AI,Data Protection and Cybersecurity,Infrastructure,Operations,R&D and product development,Software"
Database design,"Specifying, designing and maintaining mechanisms for storing and accessing data.",No,"Communications,Information technology","Data and AI,Infrastructure,Software"
Database management and configuration,"Manage databases that store customer, product, and transaction data. This includes knowledge of database management systems like MySQL, PostgreSQL, or MongoDB",Yes,"Communications,Information technology","Data and AI,Data protection and cybersecurity,Governance, risk and compliance,Infrastructure,Project management,Sales and marketing,Software"
Database modelling,"Proficient in developing data models to structure and represent information, facilitating effective analysis and decision-making in the digital sector",Yes,"Communications,Information technology","Data and AI,Data Protection and Cybersecurity,Design and Animation,Infrastructure,Software"
"Debugging, profiling and optimisation","Expertise in debugging, profiling, and optimizing processes, coupled with statistical approaches for cleaning data, including outlier identification.",No,"Communications,Information technology",Data and AI
Design thinking practice,"Manage design thinking methodologies and processes to solve specific challenges for the organisation, and guide stakeholders through the phases of inspiration, empathy, ideation and implementation",No,"Communications,Information technology","Data and AI,Data Protection and Cybersecurity,Design and Animation,Hardware,Infrastructure,Pre-sales,Project management,R&D and product development,Software,Telecom engineering"
Embedded systems design,"Creating specialized computing systems within larger systems to perform specific tasks. Crucial in the digital sector, these designs drive interconnectivity and automation in various IoT applications such as home automation and industrial monitoring systems.",Yes,"Communications,Information technology","Consultation,Data and AI,Data protection and cybersecurity,Infrastructure,Quality,R&D and product development,Software,Telecom engineering"
Emerging technology synthesis,"Monitor and integrate emerging technology trends and developments, structured data gathering for the identification of new and emerging technological products, services and techniques. In addition, the performance of cost-benefit analysis and evaluation of their relevance, viability, sustainability and potential value add to the business",Yes,"Communications,Information technology","Business processes,Data and AI,Data Protection and Cybersecurity,Design and Animation,Governance, risk and compliance,Hardware,Infrastructure,Operations,Pre-sales,Project management,Quality,R&D and product development,Software,Telecom engineering"
Enterprise and business architecture,"Aligning an organisation's technology strategy with its business mission, strategy, and processes and documenting this using architectural models.",Yes,"Communications,Information technology","Data and AI,Data Protection and Cybersecurity,Hardware,Infrastructure,Operations,Pre-sales,Project management,Software,Telecom engineering"
Ethics and IP management,"To maintain and manage professional and ethical conduct, as well as to ensure that personal information of stakeholders is handled in a confidential and professional manner when dealing with stakeholders in an Information and Communications Technology (ICT) environment.",No,"Communications,Information technology","Data and AI,Infrastructure,Operations,Software"
Extended Reality Applications,"Extended Reality (XR) Applications involve the development and deployment of technology that combines physical and virtual environments, enhancing user experiences in broadcasting and telecommunications through augmented, virtual, and mixed reality. ",No,Communications,"Data and AI,Software"
Fairness and bias mitigation,Identify and rectify biases in data sets and algorithms to prevent discriminatory outcomes,No,"Communications,Information technology",Data and AI
Frequency Spectrum Management,Allocating and regulating radio frequencies to ensure efficient and interference-free communication,Yes,Information technology,"Data and AI,Infrastructure"
"Game programming, development, and testing","Optimize gaming experience by proficiently programming, utilizing game engines, employing 3D modeling, animation tools, implementing realistic physics, ensuring multiplatform compatibility, conducting QA testing, using version control, and optimizing performance",Yes,Information technology,"Data and AI,Data protection and cybersecurity,Design and animation,Infrastructure,Quality,R&D and product development,Software"
Hand written document interpretation,"Analyze, interpret, and digitize handwritten documents to ensure accurate information processing and integration into digital systems",No,Information Technology,Data and AI
Help desk support,To resolve first-level user support issues and change requests remotely for a range of Information and Communications Technology (ICT) systems.,No,"Communications,Information technology","Data and AI,Hardware,Operations,Software"
Intelligent reasoning,"Design and build intelligent machine reasoning systems that can integrate, make sense of, and act upon heterogeneous sensory information sources, using domain knowledge accumulated in respective industries",No,"Communications,Information technology",Data and AI
IoT tech design and development,"Install, program, design and test IoT devices and networks",Yes,"Communications,Information technology","Consultation,Data and AI,Data protection and cybersecurity,Design and Animation,Governance, risk and compliance,Operations,Quality,R&D and product development,Sales and Marketing,Software,Telecom engineering"
IT governance,"Set and monitor IT infrastructure, information, digital services and associated technology. This involves developing policies and practices to govern the organisation's approach toward handling and using IT products and services in order to ensure conformance with regulations and accountability in decision making in alignment with the business strategic plans and service standards",No,"Communications,Information technology","Data and AI,Data Protection and Cybersecurity,Infrastructure,Operations,R&D and product development,Software"
IT management,Managing the provision of technology-based services to meet defined organisational needs.,No,"Communications,Information technology","Data and AI,Hardware,Infrastructure,Operations,Project management"
IT standards,"Develop and review of standard operating procedures as well as service expectations for IT-related activities and processes. This includes the provision of clear guidelines for the organisation to carry out IT-related tasks in a manner that is effective, efficient and consistent with the IT service standards and quality standards of the organisation",No,"Communications,Information technology","Data and AI,Data Protection and Cybersecurity,Infrastructure,Operations,Software"
Knowledge of big data tools and platforms,Knowledge of big data tools and platforms to access data and run models,Yes,"Communications,Information technology",Data and AI
Knowledge of cryptography and blockchain protocols,"Knowledge of Cryptography and Blockchain Protocols indicates a comprehensive understanding of cryptographic techniques for secure communication, and the protocols governing the operation of blockchain networks, a crucial aspect in the areas like digital transactions, virtual currencies and cybersecurity.",No,"Communications,Information technology",Data and AI
Knowledge of database concepts,"Knowledge of Database Concepts refers to an understanding of the principles and methodologies related to designing, managing, and using databases, including topics like data storage, data manipulation, data models, and data security.",No,"Communications,Information technology",Data and AI
Knowledge of fintech and financial services,Knowledge of Fintech and Financial Services implies a comprehensive understanding of technology-driven innovations in financial services and their deployment for enhancing and streamlining the delivery of financial products and services.,No,"Communications,Information technology","Data and AI,Data Protection and Cybersecurity,R&D and product development"
Knowledge of hypothesis forming and testing,"Knowledge of Hypothesis Forming and Testing encompasses the ability to generate theoretical assumptions to explain phenomena or observations, and implementing statistically sound methods to validate or reject these assumptions, a critical skill in scientific research and data analysis.",No,"Communications,Information technology",Data and AI
Knowledge of prediction models,"Knowledge of Prediction Models entails the understanding and ability to develop statistical or machine learning models that use historical and current data to forecast future outcomes, a crucial skill in data-driven decision making across industries.",No,"Communications,Information technology",Data and AI
Knowledge of statistical and mathematical concepts,"Knowledge of Statistical and Mathematical Concepts refers to a thorough understanding of key principles and methods used in statistics and mathematics, useful in drawing insights from data, building predictive models, and making informed decisions.",No,"Communications,Information technology",Data and AI
Legal compliance,Identify ICT and telecommunications standards and laws to evaluate an organisation’s working practices and compliance to these standards and laws as well as determine changes required to continue compliance.,No,"Communications,Information technology","Data and AI,Data Protection and Cybersecurity,Governance, risk and compliance,Operations,Software"
Machine Learning (ML),"Develop, implement, and optimize algorithms for automated learning and decision-making utilizing tools such as deep learning (DL), supervised and unsupervised learning, and reinforcement learning",Yes,"Communications,Information technology","Data and AI,Quality,Telecom engineering"
Manpower planning,Estimate and fulfil manpower requirements to achieve business goals and targets,No,"Communications,Information technology","Data and AI,Data Protection and Cybersecurity,Design and Animation,Infrastructure,Operations,Pre-sales,Project management,Quality,R&D and product development,Sales and Marketing,Software"
Mathematical application,"Use basic mathematical methods and operations in standard computer notation, Boolean algebra, data types and computer storage. It applies to those who are involved in software development roles who are required to use mathematical constructions in programming.",No,"Communications,Information technology","Data and AI,Data Protection and Cybersecurity,Sales and Marketing,Software"
MEC automation,"Implement automation for the efficient, secure, and intelligent operation of MEC applications and services",No,Communications,"Data and AI,Software,Telecom engineering"
Model lifecycles deployment management,"Process of creating, validating, deploying, monitoring, and potentially retraining machine learning models to ensure they continue to generate accurate predictions or insights effectively over time.",No,"Communications,Information technology",Data and AI
Natural language Processing (NLP),"Design algorithms that enable computers to understand, interpret, and generate human language, utilizing linguistic analysis",Yes,Information technology,"Data and AI,Software"
Network and data security,"Implement, install, configure, test and manage data security functions throughout a network.",Yes,"Communications,Information technology","Consultation,Data and AI,Data Protection and Cybersecurity,Software,Telecom engineering"
Networking,"Designing, implementing, and managing secure and efficient network infrastructures to enable seamless communication, data exchange, and alignment with business objectives",Yes,"Communications,Information technology","Data and AI,Data Protection and Cybersecurity,Design and Animation,Hardware,Infrastructure,Operations,Partnerships,Pre-sales,Project management,Quality,R&D and product development,Sales and Marketing,Software,Telecom engineering"
Organisational analysis,Evaluate factors that can affect the organization’s performance as well as strategically assessing the organization’s own resources and potential for improvement,No,"Communications,Information technology","Data and AI,Design and Animation,Hardware,Infrastructure,Operations,Pre-sales,Project management,R&D and product development,Software,Telecom engineering"
Organisational development,"Planning, designing and implementing an integrated organisation structure and culture.",No,"Communications,Information technology","Data and AI,Hardware,Infrastructure,Operations,Pre-sales,Project management,Software,Telecom engineering"
Outlier detection using statistical methods,"Proficiency in identifying anomalous data within a larger data set using statistical techniques, a key skill in fields like data analysis, machine learning, and cybersecurity",No,"Communications,Information technology",Data and AI
Parallel programming techniques knowledge,"Proficiency in designing and implementing software that can execute multiple computations concurrently, optimizing computational efficiency and performance on multi-core processors or across distributed systems.",No,"Communications,Information technology",Data and AI
Pattern recognition systems,Develop and apply intelligent pattern recognition systems and techniques to analyse data and derive useful hidden patterns to solve problems,No,"Communications,Information technology",Data and AI
Performance management,Improving organisational performance by developing the performance of individuals and workgroups to meet agreed objectives with measurable results.,No,"Communications,Information technology","Data and AI,Design and Animation,Infrastructure,Operations,Pre-sales,Project management,Quality,R&D and product development,Sales and Marketing,Software,Hardware,Telecom engineering"
Problem management,Managing the life cycle of all problems that have occurred or could occur in delivering a service.,Yes,"Communications,Information technology","Data and AI,Data Protection and Cybersecurity,Hardware,Infrastructure,Operations,Pre-sales,Project Management,Quality,R&D and product development,Sales and Marketing,Software,Telecom engineering"
Processes design,"Creation or optimization of a system or sequence of operations to achieve a specific production goal, often used in service industries to improve efficiency, productivity, and quality",No,"Communications,Information technology","Business processes,Data and AI,Data Protection and Cybersecurity,Design and Animation,Governance, risk and compliance,Infrastructure,Operations,Pre-sales,Project management,R&D and product development,Sales and Marketing,Software"
Product lifecycle management,"Involves managing an item's development from its inception to its retirement, overseeing its design, manufacturing, service, and disposal, to streamline the process and reduce costs.",No,"Communications,Information technology","Data and AI,Infrastructure,R&D and product development"
Product marketing knowledge,"Involves understanding how to position, promote and sell a product effectively by identifying consumer needs, developing messaging, and creating strategies for product launch and promotion",No,"Communications,Information technology",Data and AI
Programming,"Designing and coding automated software bots to perform repetitive, rule-based tasks typically done by humans. This includes tasks like data entry, processing transactions, or managing emails",Yes,"Communications,Information technology","Data and AI,Data Protection and Cybersecurity,Design and Animation,Hardware,Infrastructure,Operations,Project management,Quality,R&D and product development,Software,Telecom engineering"
Project management,"Delivering agreed outcomes from projects using appropriate management techniques, collaboration, leadership and governance.",Yes,"Communications,Information technology","Consultation,Data and AI,Data Protection and Cybersecurity,Design and Animation,Hardware,Infrastructure,Operations,Pre-sales,Project management,Quality,R&D and product development,Sales and Marketing,Software,Telecom engineering"
Project quality management,"Determining quality requirements, implementing quality control and assurance processes, and using review and evaluation to make quality improvements in current and future projects.",No,"Communications,Information technology","Data and AI,Software"
Quality assurance,"Ensure alignment with company values and objectives by setting, implementing, and assessing quality standards for IT products and services for internal and external clients.",Yes,"Communications,Information technology","Business processes,Data and AI,Data Protection and Cybersecurity,Infrastructure,Operations,Pre-sales,Project management,Quality,R&D and product development,Software,Telecom engineering"
Quantum mechanics,Understand the behavior of matter and energy at the smallest scales as the quantum computing is based on the principles of quantum mechanics,Yes,"Communications,Information technology","Data and AI,Design and animation,Infrastructure,R&D and product development,Software,Telecom engineering"
Regulatory compliance,"Familiarity with relevant regulatory and certification frameworks, defining compliance guidelines, ensuring compliance of regulatory standards, best practices and policies across the organization, and, ability to interpret statutory and regulatory requirements to establish frameworks or solutions for implementation",No,"Communications,Information technology","Business processes,Consultation,Data and AI,Data Protection and Cybersecurity,Governance, risk and compliance,Infrastructure,Pre-sales,R&D and product development,Sales and Marketing,Software"
Reporting and documentation,"Create basic organisational and business reports, technical documentation, evaluation reports or documents to support the deployment and use of software products/applications",No,"Communications,Information technology","Data and AI,Data Protection and Cybersecurity,Hardware,Infrastructure,Operations,Pre-sales,Quality,Sales and Marketing,Software,Telecom engineering"
Research,"Systematically creating new knowledge by data gathering, innovation, experimentation, evaluation and dissemination.",No,"Communications,Information technology","Data and AI,Data Protection and Cybersecurity,Design and Animation,Operations,Project management,Sales and Marketing,Software"
Resource management,"Organise resources for an ICT project in a client environment, including preparing and evaluating tenders, organising equipment and labour resources, and client training.",No,"Communications,Information technology","Data and AI,Infrastructure,Software"
Risk mitigation,"Knowledge of risk analysis, mitigation strategies, governance, statistics, and design of experiments",No,"Communications,Information technology","Data and AI,Data Protection and Cybersecurity,Quality"
Scripting and programming languages,"Proficiency in programming with languages such as Python, JavaScript, and Ruby, which are often used for automating tasks, web development, and server-side scripting, among other applications",Yes,"Communications,Information technology","Data and AI,Data Protection and Cybersecurity,Infrastructure,Quality,R&D and product development,Software,Telecom engineering"
Security architecture,"Design security architectures and controls; either embedding of security principles into the design of architectures to mitigate the risks posed by new technologies and business practices, or the actual design and specification of implementable security components, along with the accompanying control measures, to meet defined business security needs",Yes,"Communications,Information technology","Data and AI,Data Protection and Cybersecurity,Infrastructure,Pre-sales,Software"
Self-learning systems,Design and develop self-learning systems using reinforcement learning and evolutionary learning techniques,No,"Communications,Information technology",Data and AI
Software design,Specifying and designing software to meet defined requirements by following agreed design standards and principles.,Yes,"Communications,Information technology","Data and AI,Data Protection and Cybersecurity,Design and Animation,Infrastructure,Pre-sales,Project management,Quality,R&D and product development,Software,Telecom engineering"
Software development and integration,"Utilize languages such as C++, Python, Java, .NET, and version control tool like Git. Proficient in deploying solutions across diverse platforms",Yes,"Communications,Information Technology","Data and AI,Infrastructure,Operations,Software,Telecom engineering"
Software development methodologies application,Apply traditional and non-traditional systems development methodologies.,No,"Communications,Information technology","Data and AI,Software"
Solution architecture,Developing and communicating a multi-dimensional solution architecture to deliver agreed business outcomes.,Yes,"Communications,Information technology","Data and AI,Data Protection and Cybersecurity,Design and Animation,Hardware,Infrastructure,Pre-sales,Project management,R&D and product development,Software,Telecom engineering"
Spectrum Management,Regulating and coordinating the use of radio frequencies to avoid interference and maximize efficiency,No,Information technology,"Data and AI,Infrastructure"
Stakeholder management,"Manage stakeholder expectations and needs by aligning those with requirements and objectives of the organisation. This involves planning of actions to effectively communicate with, negotiate with and influence stakeholders",Yes,"Communications,Information technology","Consultation,Data and AI,Data Protection and Cybersecurity,Design and Animation,Hardware,Infrastructure,Operations,Partnerships,Pre-sales,Project management,Quality,R&D and product development,Sales and Marketing,Software,Telecom engineering"
Statistical analysis,"Collecting, interpreting, visualizing, and modeling data to uncover patterns and trends, make predictions, and support decision-making",No,"Communications,Information technology","Data and AI,Data Protection and Cybersecurity"
Strategic planning,"Creating and maintaining a strategy to align organisational actions, plans and resources with business objectives.",No,"Communications,Information technology","Data and AI,Data Protection and Cybersecurity,Design and Animation,Hardware,Infrastructure,Operations,Partnerships,Pre-sales,Project management,Quality,R&D and product development,Sales and Marketing,Software,Telecom engineering"
Strategy design,"Creation of a detailed plan of action to achieve a specific goal, often used in business and marketing to improve company performance, gain competitive advantage, or enhance customer satisfaction",No,"Communications,Information technology","Business processes,Data and AI,Data Protection and Cybersecurity,Design and Animation,Governance, risk and compliance,Infrastructure,Operations,Pre-sales,Project management,Quality,R&D and product development,Sales and Marketing,Software"
Strategy implementation,Execute and implement operational and tactical-level action plans in alignment with the organisation's business strategies,No,"Communications,Information technology","Data and AI,Data Protection and Cybersecurity,Design and Animation,Hardware,Infrastructure,Operations,Pre-sales,Project management,Quality,R&D and product development,Sales and Marketing,Software,Telecom engineering"
Sustainability management,"Plan, develop and roll out of an organisation-wide sustainability strategy. This includes the assessment of the organisation's utilisation and/or consumption of energy and other resources, vis-a-vis the availability and stability of supply sources and external best practices and standards in sustainability. This also includes the on-going monitoring and tracking of energy and/or resource-consumption over time, to identify impact on the organisation's internal and external environment as well as potential improvements in energy- or resource-efficiency.",No,"Communications,Information technology","Data and AI,Data Protection and Cybersecurity,Hardware,Infrastructure,Operations,Pre-sales,Project management,Software,Telecom engineering"
System integration,"Develop and implement a roadmap and specific integration solutions to facilitate integration of various ICT components and optimise inter-operability of systems and their interfaces. This includes the integration of various architectural components such as networks, servers, system platforms and their interfaces",Yes,"Communications,Information technology","Data and AI,Infrastructure,Operations,Project management,R&D and product development,Software,Telecom engineering"
Systems development management,"Planning, estimating and executing systems development work to time, budget and quality targets.",No,"Communications,Information technology","Data and AI,Infrastructure,Software"
Test planning,"Develop a test strategy and systematic test procedures to verify and ensure that a product, system or technical solution meets its design specifications as well as the performance, load and volume levels set out. This includes the ability to define when different requirements will be verified across the product life stages, the tools used to perform the test, the data and/or resources needed to conduct the tests and testware in test cases, test scripts, test reports and test plans required",Yes,"Communications,Information technology","Data and AI,Data Protection and Cybersecurity,Design and Animation,Infrastructure,Operations,Project management,Quality,R&D and product development,Software,Telecom engineering"
Text analytics and processing,"Identify, extract and analyse text data using text analytics solutions to discover themes, patterns and trends",No,"Communications,Information technology",Data and AI
Typing Skills," Efficiently input and manage text and data using a keyboard, ensuring accuracy and speed in digital documentation and communication tasks",No,Information Technology,Data and AI
UI and UX design,"Conceptualize, project and make enhancement of the user's interaction and engagement with an IT product and/or service based on a robust analysis and understanding of the product and/or service's performance vis-a-vis the user's desired experience and outcomes. This involves creating wire frames to adequately guide and inform subsequent planning and development processes, and making enhancements to optimize the user's experience of the product and/or service",Yes,"Communications,Information technology","Data and AI,Data Protection and Cybersecurity,Design and Animation,Infrastructure,R&D and product development,Sales and Marketing,Software,Telecom engineering"
"Virtual, augmented and mixed reality application","Apply virtual, augmented and mixed reality solutions in organizations. Augmented Reality (AR) superimposes digital elements onto the real world to enhance user experience. Virtual Reality (VR) immerses users in a completely digital environment, isolating them from the physical world. Mixed Reality (MR) blends real and virtual worlds, allowing digital and physical objects to interact in real-time.",Yes,"Communications,Information technology","Data and AI,Design and Animation,Operations,Quality,R&D and product development,Sales and Marketing,Software,Telecom engineering"
Web content management,"Create, curate and manage the organisation's web assets and content using appropriate systems and platforms to engage prospects and customers on the organisation's value propositions",Yes,"Communications,Information technology","Business processes,Consultation,Data and AI,Data protection and cybersecurity,Design and animation,Governance, risk and compliance,Hardware,Infrastructure,Operations,Partnerships,Pre-sales,Project management,Quality,R&D and product development,Sales and Marketing,Software,Telecom engineering"
Working with data sources,"Managing and working with diverse data sources, including data streaming and real-time data",No,"Communications,Information technology",Data and AI
Workplace information management,"Receive, process, store workplace information, maintain information systems and manage personally identifiable information (PII). It also includes the maintenance of records management systems.",No,"Communications,Information technology","Business processes,Consultation,Data and AI,Data protection and cybersecurity,Design and animation,Governance, risk and compliance,Hardware,Infrastructure,Operations,Partnerships,Pre-sales,Project management,Quality,R&D and product development,Sales and marketing,Software,Telecom engineering"
